Date,HomeTeam,AwayTeam,FTHG,FTAG,FTR,HTHG,HTAG,HTR,HS,AS,HST,AST,HF,AF,HC,AC,HY,AY,HR,AR
19/08/16,La Coruna,Eibar,2,1,H,0,0,D,11,12,6,6,14,17,1,8,3,3,0,0
19/08/16,Malaga,Osasuna,1,1,D,0,0,D,14,8,4,3,11,22,5,3,2,3,0,0
20/08/16,Barcelona,Betis,6,2,H,3,1,H,30,6,12,2,17,13,10,2,1,3,0,0
20/08/16,Granada,Villarreal,1,1,D,0,0,D,7,12,1,3,17,11,7,3,2,3,0,0
20/08/16,Sevilla,Espanol,6,4,H,3,3,D,16,10,11,7,8,15,8,2,2,2,0,0
21/08/16,Ath Madrid,Alaves,1,1,D,0,0,D,27,2,6,1,7,15,20,2,0,4,0,0
21/08/16,Sociedad,Real Madrid,0,3,A,0,2,A,8,18,0,8,22,11,4,7,2,3,0,0
21/08/16,Sp Gijon,Ath Bilbao,2,1,H,0,0,D,12,13,4,4,18,15,2,5,3,3,0,0
22/08/16,Celta,Leganes,0,1,A,0,0,D,10,15,2,6,5,13,8,4,4,1,0,1
22/08/16,Valencia,Las Palmas,2,4,A,2,3,A,17,6,8,4,15,18,12,1,2,2,0,0
26/08/16,Betis,La Coruna,0,0,D,0,0,D,15,12,5,1,20,15,13,2,0,2,0,0
26/08/16,Espanol,Malaga,2,2,D,1,0,H,7,9,2,3,20,17,3,4,2,4,0,0
27/08/16,Eibar,Valencia,1,0,H,0,0,D,13,13,6,3,13,11,6,10,2,2,0,0
27/08/16,Leganes,Ath Madrid,0,0,D,0,0,D,6,10,1,3,19,5,1,8,3,1,0,0
27/08/16,Osasuna,Sociedad,0,2,A,0,1,A,8,5,3,4,14,14,10,1,2,1,0,0
27/08/16,Real Madrid,Celta,2,1,H,0,0,D,24,8,10,3,8,11,7,2,0,2,0,0
28/08/16,Alaves,Sp Gijon,0,0,D,0,0,D,13,7,2,1,10,12,4,6,1,1,0,0
28/08/16,Ath Bilbao,Barcelona,0,1,A,0,1,A,9,12,4,3,20,13,4,4,5,4,0,0
28/08/16,Las Palmas,Granada,5,1,H,1,1,D,15,13,10,2,8,16,6,4,5,1,0,0
28/08/16,Villarreal,Sevilla,0,0,D,0,0,D,12,6,5,0,16,12,5,1,1,3,0,0
09/09/16,Sociedad,Espanol,1,1,D,0,0,D,9,4,3,1,10,10,11,1,2,2,0,1
10/09/16,Barcelona,Alaves,1,2,A,0,1,A,16,5,2,4,12,12,13,0,1,1,0,0
10/09/16,Celta,Ath Madrid,0,4,A,0,0,D,9,13,1,6,13,12,6,4,1,2,0,0
10/09/16,Malaga,Villarreal,0,2,A,0,2,A,15,12,2,6,8,14,9,7,2,1,0,0
10/09/16,Real Madrid,Osasuna,5,2,H,3,0,H,25,10,11,3,14,14,6,7,2,2,0,1
10/09/16,Sevilla,Las Palmas,2,1,H,0,1,A,16,7,7,4,15,13,10,1,2,4,0,1
11/09/16,Granada,Eibar,1,2,A,0,1,A,15,10,5,8,7,8,6,7,2,0,0,1
11/09/16,La Coruna,Ath Bilbao,0,1,A,0,1,A,16,7,3,2,15,15,7,6,2,3,0,0
11/09/16,Sp Gijon,Leganes,2,1,H,2,0,H,7,9,4,2,12,16,3,5,0,2,0,0
11/09/16,Valencia,Betis,2,3,A,0,1,A,23,12,9,5,15,21,5,5,2,4,1,0
16/09/16,Betis,Granada,2,2,D,1,2,A,23,15,7,8,13,17,7,3,4,3,1,1
17/09/16,Ath Madrid,Sp Gijon,5,0,H,3,0,H,18,10,7,1,14,9,1,4,0,2,0,0
17/09/16,Eibar,Sevilla,1,1,D,0,1,A,10,8,2,4,19,10,4,2,1,1,2,0
17/09/16,Las Palmas,Malaga,1,0,H,1,0,H,6,10,2,2,11,18,2,2,3,1,0,0
17/09/16,Leganes,Barcelona,1,5,A,0,3,A,15,10,6,7,28,7,2,5,4,2,0,0
18/09/16,Ath Bilbao,Valencia,2,1,H,2,1,H,13,10,4,2,19,20,7,1,4,4,0,0
18/09/16,Espanol,Real Madrid,0,2,A,0,1,A,11,13,2,7,19,8,4,5,4,2,0,0
18/09/16,Osasuna,Celta,0,0,D,0,0,D,9,13,2,5,18,13,3,5,4,1,0,0
18/09/16,Villarreal,Sociedad,2,1,H,2,1,H,9,15,4,2,13,16,3,6,2,3,0,1
19/09/16,Alaves,La Coruna,0,0,D,0,0,D,9,16,1,1,16,8,4,5,3,4,0,0
20/09/16,Malaga,Eibar,2,1,H,1,1,D,14,12,6,3,7,13,7,5,2,4,0,0
20/09/16,Sevilla,Betis,1,0,H,0,0,D,12,8,3,3,24,17,6,2,5,4,0,0
21/09/16,Barcelona,Ath Madrid,1,1,D,1,0,H,19,9,7,4,14,17,8,2,2,4,0,0
21/09/16,Celta,Sp Gijon,2,1,H,0,0,D,16,4,5,1,16,8,8,0,2,3,0,0
21/09/16,Granada,Ath Bilbao,1,2,A,1,1,D,13,13,2,8,8,9,6,3,1,0,0,0
21/09/16,Real Madrid,Villarreal,1,1,D,0,1,A,22,8,6,3,9,9,17,3,4,1,0,0
21/09/16,Sociedad,Las Palmas,4,1,H,3,0,H,17,8,7,3,3,7,7,4,1,2,0,1
22/09/16,La Coruna,Leganes,1,2,A,1,0,H,12,8,5,2,20,18,7,1,0,3,0,0
22/09/16,Osasuna,Espanol,1,2,A,0,1,A,17,10,11,2,16,14,7,1,2,1,0,0
22/09/16,Valencia,Alaves,2,1,H,1,1,D,12,8,2,1,14,13,7,4,2,3,0,0
23/09/16,Betis,Malaga,1,0,H,1,0,H,11,16,4,6,20,15,6,5,4,6,0,0
24/09/16,Ath Bilbao,Sevilla,3,1,H,1,0,H,14,5,7,2,9,9,4,5,2,2,0,1
24/09/16,Eibar,Sociedad,2,0,H,0,0,D,17,3,3,0,15,13,5,3,4,2,0,1
24/09/16,Las Palmas,Real Madrid,2,2,D,1,1,D,8,27,6,11,7,19,0,5,3,2,0,0
24/09/16,Sp Gijon,Barcelona,0,5,A,0,2,A,10,13,3,7,15,10,4,3,1,0,1,0
25/09/16,Ath Madrid,La Coruna,1,0,H,0,0,D,21,8,5,1,13,19,10,0,1,2,0,1
25/09/16,Espanol,Celta,0,2,A,0,0,D,10,12,2,4,15,13,4,7,2,3,0,0
25/09/16,Leganes,Valencia,1,2,A,1,1,D,7,10,3,4,19,17,1,5,4,4,0,0
25/09/16,Villarreal,Osasuna,3,1,H,3,1,H,12,11,5,3,7,16,5,5,0,2,0,0
26/09/16,Alaves,Granada,3,1,H,0,0,D,16,13,6,3,15,19,5,6,3,3,0,0
30/09/16,Sociedad,Betis,1,0,H,0,0,D,16,5,8,2,17,22,4,2,2,3,0,0
01/10/16,Granada,Leganes,0,1,A,0,0,D,8,9,1,3,13,20,6,4,1,0,0,0
01/10/16,La Coruna,Sp Gijon,2,1,H,1,0,H,21,7,6,2,17,26,11,4,0,4,0,0
01/10/16,Osasuna,Las Palmas,2,2,D,2,0,H,5,17,3,5,17,7,1,12,3,4,0,0
01/10/16,Sevilla,Alaves,2,1,H,0,0,D,20,6,12,1,10,13,9,2,2,6,0,0
02/10/16,Celta,Barcelona,4,3,H,3,0,H,14,13,9,4,16,11,3,6,1,3,0,0
02/10/16,Espanol,Villarreal,0,0,D,0,0,D,9,5,1,1,14,10,3,1,2,2,0,0
02/10/16,Malaga,Ath Bilbao,2,1,H,0,1,A,15,7,3,1,19,11,7,2,7,3,1,1
02/10/16,Real Madrid,Eibar,1,1,D,1,1,D,15,7,3,4,8,15,7,5,4,5,0,0
02/10/16,Valencia,Ath Madrid,0,2,A,0,0,D,14,17,5,10,10,15,6,5,1,3,0,0
14/10/16,Las Palmas,Espanol,0,0,D,0,0,D,13,5,8,2,13,21,8,4,2,3,0,0
15/10/16,Ath Madrid,Granada,7,1,H,2,1,H,17,9,11,2,14,8,11,3,1,1,0,0
15/10/16,Barcelona,La Coruna,4,0,H,3,0,H,25,7,8,0,5,15,8,2,1,2,0,1
15/10/16,Betis,Real Madrid,1,6,A,0,4,A,13,22,2,9,14,8,2,5,4,1,0,0
15/10/16,Leganes,Sevilla,2,3,A,0,1,A,19,5,6,4,17,20,5,2,2,5,0,0
16/10/16,Alaves,Malaga,1,1,D,1,0,H,8,12,4,5,14,14,6,7,3,3,1,1
16/10/16,Ath Bilbao,Sociedad,3,2,H,0,1,A,15,6,11,3,17,19,7,4,3,3,0,0
16/10/16,Sp Gijon,Valencia,1,2,A,1,1,D,10,7,2,3,21,11,4,4,5,1,0,0
16/10/16,Villarreal,Celta,5,0,H,3,0,H,11,4,5,1,19,12,3,5,1,4,0,1
17/10/16,Eibar,Osasuna,2,3,A,2,2,D,13,8,5,4,15,12,5,0,1,2,0,0
21/10/16,Osasuna,Betis,1,2,A,0,1,A,13,12,5,6,20,12,6,4,3,2,1,0
22/10/16,Espanol,Eibar,3,3,D,0,3,A,11,8,5,3,11,12,7,6,1,6,1,0
22/10/16,Granada,Sp Gijon,0,0,D,0,0,D,12,3,1,3,10,12,3,3,4,1,0,0
22/10/16,Sociedad,Alaves,3,0,H,1,0,H,16,10,5,3,17,20,4,2,3,5,0,0
22/10/16,Valencia,Barcelona,2,3,A,0,1,A,7,15,4,8,15,13,3,1,5,4,0,0
23/10/16,Celta,La Coruna,4,1,H,1,1,D,9,11,7,1,17,15,5,4,3,5,0,0
23/10/16,Malaga,Leganes,4,0,H,2,0,H,24,14,8,5,12,15,5,8,1,3,0,0
23/10/16,Real Madrid,Ath Bilbao,2,1,H,1,1,D,24,10,8,3,10,17,6,4,2,3,0,0
23/10/16,Sevilla,Ath Madrid,1,0,H,0,0,D,12,9,5,3,15,11,4,5,4,2,0,1
23/10/16,Villarreal,Las Palmas,2,1,H,0,1,A,14,8,4,4,16,12,2,1,2,3,0,0
28/10/16,Leganes,Sociedad,0,2,A,0,1,A,7,9,4,5,19,15,1,4,5,2,0,0
29/10/16,Alaves,Real Madrid,1,4,A,1,2,A,8,15,3,5,15,6,4,3,5,1,0,0
29/10/16,Ath Madrid,Malaga,4,2,H,3,1,H,16,6,7,3,10,10,6,2,2,4,1,1
29/10/16,Barcelona,Granada,1,0,H,0,0,D,15,1,5,0,7,17,8,1,1,4,0,0
29/10/16,Sp Gijon,Sevilla,1,1,D,1,1,D,9,20,5,6,17,9,3,4,6,2,0,0
30/10/16,Ath Bilbao,Osasuna,1,1,D,1,1,D,18,7,4,3,10,11,9,2,2,1,0,0
30/10/16,Betis,Espanol,0,1,A,0,0,D,13,10,5,5,15,15,8,3,3,3,0,0
30/10/16,Eibar,Villarreal,2,1,H,0,1,A,13,6,9,1,16,16,3,7,2,3,0,0
30/10/16,Las Palmas,Celta,3,3,D,0,3,A,17,9,8,6,13,22,8,1,2,6,0,1
31/10/16,La Coruna,Valencia,1,1,D,1,0,H,16,10,4,3,14,21,5,6,1,5,0,0
04/11/16,Malaga,Sp Gijon,3,2,H,1,1,D,22,7,7,4,12,20,9,2,5,4,0,1
05/11/16,Granada,La Coruna,1,1,D,0,0,D,14,13,6,5,11,7,7,6,1,2,0,0
05/11/16,Las Palmas,Eibar,1,0,H,0,0,D,16,13,6,5,10,20,7,4,1,4,0,0
05/11/16,Osasuna,Alaves,0,1,A,0,0,D,10,12,4,3,18,10,3,4,5,2,0,0
05/11/16,Sociedad,Ath Madrid,2,0,H,0,0,D,12,9,3,2,18,20,6,6,2,4,0,0
06/11/16,Celta,Valencia,2,1,H,1,1,D,7,13,4,4,19,15,4,3,6,1,0,0
06/11/16,Espanol,Ath Bilbao,0,0,D,0,0,D,6,4,3,0,13,11,5,3,1,2,0,0
06/11/16,Real Madrid,Leganes,3,0,H,2,0,H,17,7,7,3,7,20,2,2,3,5,0,0
06/11/16,Sevilla,Barcelona,1,2,A,1,1,D,15,14,4,7,18,12,3,5,4,6,0,0
06/11/16,Villarreal,Betis,2,0,H,1,0,H,15,7,7,3,16,12,10,1,0,2,0,0
18/11/16,Betis,Las Palmas,2,0,H,2,0,H,10,9,3,3,22,10,4,5,0,1,0,0
19/11/16,Ath Madrid,Real Madrid,0,3,A,0,1,A,16,12,5,7,21,14,8,6,4,2,0,0
19/11/16,Barcelona,Malaga,0,0,D,0,0,D,28,4,8,1,13,12,14,1,0,2,0,2
19/11/16,Eibar,Celta,1,0,H,1,0,H,12,6,5,2,11,13,7,0,2,5,0,2
19/11/16,La Coruna,Sevilla,2,3,A,2,1,H,4,20,3,7,15,12,3,14,3,2,0,0
20/11/16,Alaves,Espanol,0,1,A,0,0,D,10,10,4,3,20,14,2,5,5,2,0,0
20/11/16,Ath Bilbao,Villarreal,1,0,H,0,0,D,12,6,5,2,13,17,6,5,0,2,0,0
20/11/16,Sp Gijon,Sociedad,1,3,A,1,1,D,4,20,1,9,17,9,3,5,2,1,0,0
20/11/16,Valencia,Granada,1,1,D,0,1,A,14,9,7,5,7,18,11,2,1,5,0,0
21/11/16,Leganes,Osasuna,2,0,H,1,0,H,15,5,5,2,13,17,3,2,2,3,0,0
25/11/16,Eibar,Betis,3,1,H,2,0,H,16,7,9,2,11,7,5,1,0,1,0,1
26/11/16,Espanol,Leganes,3,0,H,0,0,D,8,8,4,3,19,16,3,4,1,2,0,0
26/11/16,Malaga,La Coruna,4,3,H,2,1,H,10,24,4,8,15,13,2,5,3,1,0,0
26/11/16,Real Madrid,Sp Gijon,2,1,H,2,1,H,19,9,7,3,19,18,5,6,1,3,0,0
26/11/16,Sevilla,Valencia,2,1,H,0,0,D,6,10,1,4,19,14,3,6,0,1,0,0
27/11/16,Celta,Granada,3,1,H,2,0,H,16,7,6,1,4,15,5,0,0,3,0,0
27/11/16,Osasuna,Ath Madrid,0,3,A,0,2,A,11,7,1,5,9,6,7,4,2,2,0,0
27/11/16,Sociedad,Barcelona,1,1,D,0,0,D,17,10,6,2,16,11,8,6,2,4,0,0
27/11/16,Villarreal,Alaves,0,2,A,0,2,A,23,10,10,7,11,19,12,1,2,3,0,0
28/11/16,Las Palmas,Ath Bilbao,3,1,H,1,0,H,10,10,4,3,19,21,5,3,3,4,0,1
03/12/16,Ath Madrid,Espanol,0,0,D,0,0,D,11,5,3,3,10,19,9,2,2,2,0,0
03/12/16,Barcelona,Real Madrid,1,1,D,0,0,D,11,14,2,5,19,16,5,7,4,2,0,0
03/12/16,Granada,Sevilla,2,1,H,1,0,H,11,17,6,6,18,16,4,8,5,2,0,0
03/12/16,Leganes,Villarreal,0,0,D,0,0,D,11,9,4,3,21,16,2,4,6,3,0,0
04/12/16,Alaves,Las Palmas,1,1,D,1,0,H,9,10,2,3,15,11,3,5,3,3,0,0
04/12/16,Ath Bilbao,Eibar,3,1,H,1,0,H,12,10,5,4,9,16,2,2,1,4,0,0
04/12/16,Betis,Celta,3,3,D,1,1,D,16,13,5,6,22,14,4,3,4,1,1,0
04/12/16,Sp Gijon,Osasuna,3,1,H,1,0,H,9,15,5,2,17,13,2,5,3,1,0,0
04/12/16,Valencia,Malaga,2,2,D,2,1,H,8,19,3,6,16,7,2,13,5,1,0,0
05/12/16,La Coruna,Sociedad,5,1,H,3,0,H,15,14,10,3,15,10,8,6,1,4,0,0
09/12/16,Malaga,Granada,1,1,D,1,0,H,16,8,7,2,16,14,6,2,3,5,0,0
10/12/16,Las Palmas,Leganes,1,1,D,1,0,H,5,11,1,6,17,18,6,4,3,3,0,0
10/12/16,Osasuna,Barcelona,0,3,A,0,0,D,4,17,1,6,18,6,2,5,3,0,0,0
10/12/16,Real Madrid,La Coruna,3,2,H,0,0,D,17,4,5,2,16,17,10,3,3,4,0,0
10/12/16,Sociedad,Valencia,3,2,H,2,1,H,14,9,6,3,17,20,8,4,4,4,0,1
11/12/16,Betis,Ath Bilbao,1,0,H,1,0,H,6,14,1,4,14,12,3,7,3,2,0,0
11/12/16,Celta,Sevilla,0,3,A,0,0,D,14,14,6,5,13,13,4,6,3,3,0,0
11/12/16,Eibar,Alaves,0,0,D,0,0,D,8,3,1,3,14,7,7,2,1,1,0,0
11/12/16,Espanol,Sp Gijon,2,1,H,0,0,D,12,13,6,5,13,10,4,3,1,2,0,0
12/12/16,Villarreal,Ath Madrid,3,0,H,2,0,H,9,13,5,3,13,13,2,7,3,3,0,0
16/12/16,Alaves,Betis,1,0,H,0,0,D,10,6,2,3,20,6,6,4,6,1,0,0
17/12/16,Ath Madrid,Las Palmas,1,0,H,0,0,D,16,11,3,3,15,11,8,5,2,1,0,0
17/12/16,Granada,Sociedad,0,2,A,0,0,D,10,18,4,6,9,11,5,9,0,1,0,0
17/12/16,Sevilla,Malaga,4,1,H,4,0,H,9,16,5,3,17,12,3,6,2,3,1,0
17/12/16,Sp Gijon,Villarreal,1,3,A,0,2,A,16,14,7,9,16,14,12,2,2,1,0,0
18/12/16,Barcelona,Espanol,4,1,H,1,0,H,14,4,7,1,11,16,5,2,0,3,0,0
18/12/16,La Coruna,Osasuna,2,0,H,2,0,H,8,13,4,3,8,16,5,1,1,3,0,0
18/12/16,Leganes,Eibar,1,1,D,1,0,H,8,15,2,4,10,10,3,6,2,2,1,0
19/12/16,Ath Bilbao,Celta,2,1,H,0,0,D,10,10,7,4,16,13,9,7,4,2,0,1
06/01/17,Espanol,La Coruna,1,1,D,0,0,D,14,13,4,3,13,14,2,8,1,1,0,1
07/01/17,Eibar,Ath Madrid,0,2,A,0,0,D,15,8,2,4,11,10,5,3,2,2,0,0
07/01/17,Las Palmas,Sp Gijon,1,0,H,0,0,D,16,10,10,2,8,18,8,3,2,3,0,0
07/01/17,Real Madrid,Granada,5,0,H,4,0,H,23,3,13,1,11,12,9,1,1,4,0,0
07/01/17,Sociedad,Sevilla,0,4,A,0,2,A,11,11,5,10,15,18,7,4,2,3,0,0
08/01/17,Ath Bilbao,Alaves,0,0,D,0,0,D,15,10,4,4,10,13,13,4,2,4,0,0
08/01/17,Betis,Leganes,2,0,H,0,0,D,16,9,3,3,10,20,4,2,2,6,0,0
08/01/17,Celta,Malaga,3,1,H,1,0,H,6,13,3,4,17,15,2,7,1,4,0,0
08/01/17,Villarreal,Barcelona,1,1,D,0,0,D,6,20,3,7,16,13,2,4,1,2,1,0
09/01/17,Osasuna,Valencia,3,3,D,1,2,A,22,7,4,3,19,13,7,3,2,5,0,0
14/01/17,Ath Madrid,Betis,1,0,H,1,0,H,6,10,3,6,15,17,9,2,1,3,0,0
14/01/17,Barcelona,Las Palmas,5,0,H,1,0,H,22,7,10,1,15,11,5,1,3,4,0,0
14/01/17,La Coruna,Villarreal,0,0,D,0,0,D,13,4,3,1,14,8,10,0,0,1,0,0
14/01/17,Leganes,Ath Bilbao,0,0,D,0,0,D,15,10,5,2,20,11,4,8,3,3,0,0
15/01/17,Celta,Alaves,1,0,H,0,0,D,13,9,4,1,19,10,7,4,4,3,0,1
15/01/17,Granada,Osasuna,1,1,D,0,1,A,8,13,4,3,13,23,3,5,2,4,2,0
15/01/17,Sevilla,Real Madrid,2,1,H,0,0,D,9,10,4,3,13,10,6,1,3,1,0,0
15/01/17,Sp Gijon,Eibar,2,3,A,1,3,A,10,18,4,7,13,16,2,4,4,0,0,0
15/01/17,Valencia,Espanol,2,1,H,1,0,H,10,6,5,3,17,13,6,3,5,0,0,0
16/01/17,Malaga,Sociedad,0,2,A,0,0,D,5,11,1,5,22,12,8,8,0,2,0,0
20/01/17,Las Palmas,La Coruna,1,1,D,1,0,H,9,7,3,1,13,8,4,5,0,1,1,0
21/01/17,Alaves,Leganes,2,2,D,1,1,D,8,13,3,4,9,20,4,3,3,2,0,0
21/01/17,Espanol,Granada,3,1,H,2,1,H,17,7,8,4,19,17,10,5,0,3,0,0
21/01/17,Real Madrid,Malaga,2,1,H,2,0,H,14,10,7,6,7,20,5,4,2,3,0,0
21/01/17,Villarreal,Valencia,0,2,A,0,2,A,20,13,5,5,14,17,7,2,2,2,0,0
22/01/17,Ath Bilbao,Ath Madrid,2,2,D,1,1,D,8,11,5,5,12,9,2,6,2,3,0,0
22/01/17,Betis,Sp Gijon,0,0,D,0,0,D,16,7,4,1,14,20,9,5,2,2,0,0
22/01/17,Eibar,Barcelona,0,4,A,0,1,A,14,14,6,7,12,4,8,5,3,1,0,0
22/01/17,Osasuna,Sevilla,3,4,A,1,1,D,14,13,7,9,14,8,3,6,5,3,0,0
22/01/17,Sociedad,Celta,1,0,H,0,0,D,17,11,6,5,13,12,4,3,2,2,0,0
27/01/17,Osasuna,Malaga,1,1,D,0,0,D,14,14,2,5,9,16,4,6,1,0,0,0
28/01/17,Alaves,Ath Madrid,0,0,D,0,0,D,19,8,4,2,19,18,7,2,3,2,0,0
28/01/17,Eibar,La Coruna,3,1,H,2,1,H,12,20,6,7,14,7,9,10,0,2,0,0
28/01/17,Leganes,Celta,0,2,A,0,1,A,6,3,0,3,20,14,8,0,1,1,0,0
28/01/17,Villarreal,Granada,2,0,H,1,0,H,18,7,6,0,11,18,7,4,3,2,0,0
29/01/17,Ath Bilbao,Sp Gijon,2,1,H,0,1,A,11,5,6,3,11,22,5,0,4,3,0,0
29/01/17,Betis,Barcelona,1,1,D,0,0,D,17,10,7,4,17,12,8,2,2,3,0,0
29/01/17,Espanol,Sevilla,3,1,H,2,1,H,16,12,8,5,18,14,7,4,2,2,0,1
29/01/17,Real Madrid,Sociedad,3,0,H,1,0,H,7,9,4,3,16,11,0,3,2,1,0,1
30/01/17,Las Palmas,Valencia,3,1,H,1,1,D,9,8,4,3,17,13,6,3,1,3,0,1
04/02/17,Ath Madrid,Leganes,2,0,H,1,0,H,12,15,4,2,10,15,3,6,1,1,0,0
04/02/17,Barcelona,Ath Bilbao,3,0,H,2,0,H,16,10,6,5,11,18,7,3,1,3,0,0
04/02/17,Malaga,Espanol,0,1,A,0,1,A,19,4,5,3,9,18,17,2,1,4,0,0
04/02/17,Valencia,Eibar,0,4,A,0,2,A,8,11,1,7,12,10,2,6,2,1,1,0
05/02/17,Sevilla,Villarreal,0,0,D,0,0,D,14,11,4,4,14,16,9,0,2,2,0,0
05/02/17,Sociedad,Osasuna,3,2,H,0,1,A,13,11,6,5,6,22,3,2,2,2,0,0
05/02/17,Sp Gijon,Alaves,2,4,A,0,1,A,12,14,4,7,20,20,8,4,7,3,0,0
06/02/17,Granada,Las Palmas,1,0,H,1,0,H,12,15,4,5,27,9,6,5,5,3,0,0
10/02/17,Espanol,Sociedad,1,2,A,1,1,D,7,15,2,5,15,14,5,6,3,2,0,0
11/02/17,Alaves,Barcelona,0,6,A,0,2,A,9,21,4,9,16,9,3,9,1,3,0,0
11/02/17,Ath Bilbao,La Coruna,2,1,H,0,1,A,13,8,5,3,12,11,3,2,1,2,0,0
11/02/17,Betis,Valencia,0,0,D,0,0,D,16,8,2,4,15,17,4,6,4,3,0,0
11/02/17,Osasuna,Real Madrid,1,3,A,1,1,D,11,12,8,6,10,8,3,2,3,2,0,0
12/02/17,Ath Madrid,Celta,3,2,H,1,1,D,16,14,5,6,11,13,3,3,1,2,0,0
12/02/17,Las Palmas,Sevilla,0,1,A,0,0,D,15,12,7,3,15,16,1,4,2,4,0,0
12/02/17,Leganes,Sp Gijon,0,2,A,0,0,D,9,4,3,2,16,16,4,3,3,6,0,1
12/02/17,Villarreal,Malaga,1,1,D,0,1,A,12,11,5,5,14,12,9,9,0,5,1,0
13/02/17,Eibar,Granada,4,0,H,2,0,H,25,13,9,3,11,14,7,8,2,2,0,0
17/02/17,Granada,Betis,4,1,H,3,0,H,10,6,8,2,18,9,4,7,4,1,1,1
18/02/17,La Coruna,Alaves,0,1,A,0,0,D,16,6,4,4,13,13,10,6,5,3,0,0
18/02/17,Real Madrid,Espanol,2,0,H,1,0,H,12,3,3,1,12,13,13,2,3,4,0,0
18/02/17,Sevilla,Eibar,2,0,H,1,0,H,11,11,5,3,13,11,5,2,2,3,0,0
18/02/17,Sp Gijon,Ath Madrid,1,4,A,0,0,D,15,11,2,6,12,10,12,3,1,1,0,0
19/02/17,Barcelona,Leganes,2,1,H,1,0,H,13,11,6,6,8,18,4,4,1,3,0,0
19/02/17,Celta,Osasuna,3,0,H,1,0,H,11,8,4,3,14,18,3,5,1,0,0,0
19/02/17,Sociedad,Villarreal,0,1,A,0,0,D,16,7,0,3,8,19,7,4,2,4,0,0
19/02/17,Valencia,Ath Bilbao,2,0,H,2,0,H,15,15,5,5,17,11,3,1,0,1,0,0
20/02/17,Malaga,Las Palmas,2,1,H,2,1,H,13,13,6,4,23,14,2,6,3,3,1,0
22/02/17,Valencia,Real Madrid,2,1,H,2,1,H,8,22,5,5,12,18,3,11,5,2,0,0
24/02/17,Las Palmas,Sociedad,0,1,A,0,0,D,18,9,7,2,14,19,6,1,2,2,0,0
25/02/17,Alaves,Valencia,2,1,H,0,0,D,13,5,5,2,13,16,2,1,4,2,0,1
25/02/17,Betis,Sevilla,1,2,A,1,0,H,15,13,4,4,19,17,4,4,3,3,0,0
25/02/17,Eibar,Malaga,3,0,H,1,0,H,8,4,4,2,11,18,2,2,2,4,0,1
25/02/17,Leganes,La Coruna,4,0,H,2,0,H,7,11,5,3,18,13,2,7,2,5,0,1
26/02/17,Ath Bilbao,Granada,3,1,H,2,1,H,14,7,7,2,14,16,0,3,1,5,0,0
26/02/17,Ath Madrid,Barcelona,1,2,A,0,0,D,12,15,4,6,28,14,6,5,4,2,0,0
26/02/17,Espanol,Osasuna,3,0,H,1,0,H,18,4,6,1,11,10,10,2,1,4,0,1
26/02/17,Sp Gijon,Celta,1,1,D,0,0,D,20,16,6,5,9,17,7,5,2,4,1,0
26/02/17,Villarreal,Real Madrid,2,3,A,0,0,D,11,25,4,6,15,6,5,5,4,1,0,0
28/02/17,Malaga,Betis,1,2,A,1,0,H,15,11,4,5,8,16,7,5,3,5,0,0
28/02/17,Sociedad,Eibar,2,2,D,1,1,D,14,13,7,4,12,20,3,5,3,4,1,1
28/02/17,Valencia,Leganes,1,0,H,1,0,H,16,3,6,0,12,26,7,3,3,2,0,1
01/03/17,Barcelona,Sp Gijon,6,1,H,3,1,H,25,5,9,2,14,12,10,3,1,3,0,0
01/03/17,Celta,Espanol,2,2,D,2,2,D,8,8,4,2,16,8,1,3,2,2,1,0
01/03/17,Granada,Alaves,2,1,H,1,0,H,13,11,6,5,19,15,4,4,6,4,0,2
01/03/17,Osasuna,Villarreal,1,4,A,0,2,A,17,12,3,6,10,13,8,2,3,3,0,0
01/03/17,Real Madrid,Las Palmas,3,3,D,1,1,D,20,17,7,8,15,16,7,4,4,3,1,0
02/03/17,La Coruna,Ath Madrid,1,1,D,1,0,H,13,10,2,4,14,10,7,2,2,1,0,0
02/03/17,Sevilla,Ath Bilbao,1,0,H,1,0,H,14,14,4,4,16,10,6,9,6,2,0,0
03/03/17,Betis,Sociedad,2,3,A,1,2,A,12,9,5,6,18,15,7,6,4,2,0,0
04/03/17,Barcelona,Celta,5,0,H,2,0,H,19,7,9,2,10,16,10,1,1,3,0,0
04/03/17,Eibar,Real Madrid,1,4,A,0,3,A,12,12,2,7,13,14,4,4,1,1,0,0
04/03/17,Leganes,Granada,1,0,H,0,0,D,16,1,4,1,17,19,7,4,3,2,0,0
04/03/17,Villarreal,Espanol,2,0,H,1,0,H,11,8,6,2,13,18,1,1,2,2,0,0
05/03/17,Ath Bilbao,Malaga,1,0,H,0,0,D,15,8,3,2,13,18,8,2,3,5,0,0
05/03/17,Ath Madrid,Valencia,3,0,H,1,0,H,18,6,8,2,17,9,6,2,1,2,0,0
05/03/17,Las Palmas,Osasuna,5,2,H,1,2,A,16,10,8,4,7,21,5,1,4,4,0,0
05/03/17,Sp Gijon,La Coruna,0,1,A,0,1,A,9,7,2,3,11,13,6,4,4,5,0,0
06/03/17,Alaves,Sevilla,1,1,D,0,1,A,18,9,4,1,12,16,2,2,2,5,0,0
08/03/17,La Coruna,Betis,1,1,D,0,0,D,15,5,5,3,22,17,6,4,4,7,0,0
10/03/17,Espanol,Las Palmas,4,3,H,2,1,H,12,12,6,5,18,12,2,5,2,4,0,0
11/03/17,Granada,Ath Madrid,0,1,A,0,0,D,12,15,2,6,14,15,4,9,3,3,1,0
11/03/17,Malaga,Alaves,1,2,A,0,1,A,15,4,9,2,17,13,5,3,2,1,0,1
11/03/17,Sevilla,Leganes,1,1,D,1,1,D,12,12,4,4,20,20,4,1,2,3,0,0
11/03/17,Valencia,Sp Gijon,1,1,D,0,0,D,20,10,7,4,15,20,7,9,3,5,0,0
12/03/17,Celta,Villarreal,0,1,A,0,1,A,12,8,1,4,8,11,4,3,4,5,0,0
12/03/17,La Coruna,Barcelona,2,1,H,1,0,H,14,16,9,5,7,8,4,8,2,0,0,0
12/03/17,Real Madrid,Betis,2,1,H,1,1,D,14,9,4,4,8,21,8,4,1,0,0,1
12/03/17,Sociedad,Ath Bilbao,0,2,A,0,1,A,16,9,4,5,15,22,8,3,3,6,0,0
13/03/17,Osasuna,Eibar,1,1,D,0,0,D,10,14,6,7,15,14,6,6,4,4,0,0
17/03/17,Las Palmas,Villarreal,1,0,H,1,0,H,19,8,10,3,14,14,8,5,2,2,0,1
18/03/17,Alaves,Sociedad,1,0,H,1,0,H,10,10,5,2,14,13,5,8,3,3,0,1
18/03/17,Ath Bilbao,Real Madrid,1,2,A,0,1,A,12,9,5,4,1,4,5,5,1,4,0,0
18/03/17,Betis,Osasuna,2,0,H,2,0,H,9,13,5,5,12,15,5,0,0,3,0,0
18/03/17,Eibar,Espanol,1,1,D,1,0,H,16,4,4,1,12,13,6,2,2,4,0,0
19/03/17,Ath Madrid,Sevilla,3,1,H,1,0,H,15,9,8,2,16,14,2,2,4,3,0,0
19/03/17,Barcelona,Valencia,4,2,H,2,2,D,28,6,12,5,4,12,6,3,3,4,0,1
19/03/17,La Coruna,Celta,0,1,A,0,0,D,9,9,2,2,21,12,3,1,4,4,0,0
19/03/17,Leganes,Malaga,0,0,D,0,0,D,14,8,2,1,11,16,6,7,4,2,0,0
19/03/17,Sp Gijon,Granada,3,1,H,0,0,D,15,12,11,5,12,14,6,3,2,4,0,0
31/03/17,Espanol,Betis,2,1,H,0,0,D,8,10,5,3,16,14,4,4,3,2,0,0
01/04/17,Malaga,Ath Madrid,0,2,A,0,1,A,21,7,5,6,9,11,6,0,2,2,0,0
01/04/17,Osasuna,Ath Bilbao,1,2,A,0,2,A,8,9,6,4,19,9,6,3,4,2,0,0
01/04/17,Sociedad,Leganes,1,1,D,0,1,A,14,6,5,3,10,16,7,0,2,3,0,0
01/04/17,Villarreal,Eibar,2,3,A,1,0,H,15,14,7,4,9,10,11,5,4,3,0,0
02/04/17,Granada,Barcelona,1,4,A,0,1,A,7,26,5,13,15,10,1,9,1,3,1,0
02/04/17,Real Madrid,Alaves,3,0,H,1,0,H,18,12,6,3,12,16,3,3,0,2,0,0
02/04/17,Sevilla,Sp Gijon,0,0,D,0,0,D,18,8,6,2,17,13,9,5,3,4,0,0
02/04/17,Valencia,La Coruna,3,0,H,2,0,H,14,13,8,5,17,13,3,6,3,1,0,0
03/04/17,Celta,Las Palmas,3,1,H,2,0,H,13,12,6,5,15,10,4,6,3,3,0,0
04/04/17,Ath Bilbao,Espanol,2,0,H,2,0,H,13,5,5,2,19,16,5,1,1,3,0,0
04/04/17,Ath Madrid,Sociedad,1,0,H,1,0,H,20,10,8,1,18,13,6,4,0,4,0,0
04/04/17,Betis,Villarreal,0,1,A,0,0,D,15,6,3,2,12,15,5,2,2,2,0,0
05/04/17,Alaves,Osasuna,0,1,A,0,0,D,15,7,3,6,20,12,5,1,5,1,0,0
05/04/17,Barcelona,Sevilla,3,0,H,3,0,H,15,7,7,3,16,13,4,4,4,2,0,1
05/04/17,La Coruna,Granada,0,0,D,0,0,D,12,10,3,2,14,10,6,3,1,4,0,0
05/04/17,Leganes,Real Madrid,2,4,A,2,3,A,14,18,3,8,14,16,4,4,2,1,0,0
05/04/17,Sp Gijon,Malaga,0,1,A,0,1,A,14,11,5,3,12,18,7,1,2,5,0,0
06/04/17,Eibar,Las Palmas,3,1,H,2,0,H,11,8,6,6,14,12,9,2,2,5,0,0
06/04/17,Valencia,Celta,3,2,H,1,1,D,15,12,10,3,16,9,6,2,1,1,0,0
07/04/17,Villarreal,Ath Bilbao,3,1,H,1,1,D,10,11,5,5,16,16,4,5,6,3,1,0
08/04/17,Espanol,Alaves,1,0,H,0,0,D,15,9,6,0,11,13,5,3,3,3,0,0
08/04/17,Malaga,Barcelona,2,0,H,1,0,H,8,11,4,3,26,20,2,3,4,3,0,1
08/04/17,Real Madrid,Ath Madrid,1,1,D,0,0,D,20,10,6,4,12,13,6,2,2,3,0,0
08/04/17,Sevilla,La Coruna,4,2,H,3,2,H,19,9,13,4,19,15,4,2,3,3,0,0
09/04/17,Celta,Eibar,0,2,A,0,1,A,12,11,3,6,10,16,0,3,1,3,0,0
09/04/17,Granada,Valencia,1,3,A,0,2,A,21,17,5,8,9,13,5,2,2,2,0,0
09/04/17,Las Palmas,Betis,4,1,H,1,0,H,9,13,6,5,16,18,2,6,3,4,0,0
09/04/17,Osasuna,Leganes,2,1,H,1,1,D,11,17,6,2,14,14,4,8,3,4,0,0
10/04/17,Sociedad,Sp Gijon,3,1,H,2,0,H,20,10,7,3,20,19,7,4,1,5,0,0
14/04/17,Ath Bilbao,Las Palmas,5,1,H,3,1,H,18,8,7,2,22,10,14,5,1,2,0,0
15/04/17,Ath Madrid,Osasuna,3,0,H,1,0,H,19,3,8,0,11,14,5,2,1,5,0,0
15/04/17,Barcelona,Sociedad,3,2,H,3,2,H,16,14,9,7,15,17,5,4,3,2,0,0
15/04/17,La Coruna,Malaga,2,0,H,0,0,D,11,11,4,3,15,17,1,4,3,4,0,0
15/04/17,Sp Gijon,Real Madrid,2,3,A,1,1,D,4,18,2,6,17,12,4,8,5,1,0,0
16/04/17,Betis,Eibar,2,0,H,1,0,H,6,10,4,3,15,19,4,6,4,4,0,0
16/04/17,Granada,Celta,0,3,A,0,1,A,17,15,4,4,17,9,8,1,5,2,0,0
16/04/17,Leganes,Espanol,0,1,A,0,0,D,15,7,5,2,20,14,5,1,1,1,0,0
16/04/17,Valencia,Sevilla,0,0,D,0,0,D,14,10,3,2,19,20,4,2,3,2,0,0
17/04/17,Alaves,Villarreal,2,1,H,2,0,H,11,11,5,5,8,13,5,11,2,4,0,0
21/04/17,Sevilla,Granada,2,0,H,1,0,H,28,9,12,2,18,11,7,2,1,2,0,0
22/04/17,Espanol,Ath Madrid,0,1,A,0,0,D,10,13,2,3,13,10,5,3,3,2,0,0
22/04/17,Malaga,Valencia,2,0,H,2,0,H,10,13,4,2,16,13,7,6,3,3,0,0
22/04/17,Osasuna,Sp Gijon,2,2,D,1,0,H,7,12,1,4,25,10,1,5,3,4,0,0
22/04/17,Villarreal,Leganes,2,1,H,0,0,D,11,8,5,4,9,19,3,8,1,3,0,0
23/04/17,Celta,Betis,0,1,A,0,0,D,8,17,4,6,16,15,5,6,3,5,0,0
23/04/17,Las Palmas,Alaves,1,1,D,1,0,H,14,12,3,5,16,14,3,9,4,1,1,0
23/04/17,Real Madrid,Barcelona,2,3,A,1,1,D,22,16,14,9,13,8,7,4,2,2,1,0
23/04/17,Sociedad,La Coruna,1,0,H,1,0,H,17,5,3,1,16,16,11,1,1,3,0,0
24/04/17,Eibar,Ath Bilbao,0,1,A,0,0,D,7,9,2,3,15,9,5,5,4,2,1,0
25/04/17,Ath Madrid,Villarreal,0,1,A,0,0,D,23,6,9,2,15,16,5,1,2,6,0,0
25/04/17,Granada,Malaga,0,2,A,0,0,D,3,17,1,6,22,13,2,4,5,0,0,0
25/04/17,Sp Gijon,Espanol,1,1,D,1,0,H,16,14,6,5,9,11,7,2,1,2,0,0
26/04/17,Barcelona,Osasuna,7,1,H,2,0,H,19,3,9,2,3,7,10,1,0,0,0,0
26/04/17,La Coruna,Real Madrid,2,6,A,1,3,A,19,22,7,11,12,5,4,5,3,1,0,0
26/04/17,Leganes,Las Palmas,3,0,H,0,0,D,16,7,5,0,14,17,6,3,1,0,0,0
26/04/17,Valencia,Sociedad,2,3,A,0,2,A,14,8,3,2,15,21,2,3,4,3,0,0
27/04/17,Alaves,Eibar,0,0,D,0,0,D,14,6,4,4,13,14,3,2,4,2,0,1
27/04/17,Ath Bilbao,Betis,2,1,H,0,0,D,18,9,9,3,10,17,11,1,1,3,0,0
27/04/17,Sevilla,Celta,2,1,H,0,0,D,16,10,5,1,20,18,5,1,1,2,0,1
28/04/17,Villarreal,Sp Gijon,3,1,H,1,0,H,18,14,6,7,9,10,4,7,2,1,0,0
29/04/17,Espanol,Barcelona,0,3,A,0,0,D,6,15,3,9,19,18,4,5,3,0,0,0
29/04/17,Las Palmas,Ath Madrid,0,5,A,0,3,A,15,8,3,7,6,13,7,1,4,4,1,0
29/04/17,Real Madrid,Valencia,2,1,H,1,0,H,20,9,5,2,13,10,2,3,3,4,0,0
29/04/17,Sociedad,Granada,2,1,H,1,0,H,13,5,5,3,14,16,7,1,0,3,0,0
30/04/17,Betis,Alaves,1,4,A,1,0,H,11,9,3,5,14,16,4,0,1,5,0,0
30/04/17,Celta,Ath Bilbao,0,3,A,0,1,A,5,22,0,12,8,11,0,11,1,1,0,0
30/04/17,Eibar,Leganes,2,0,H,0,0,D,9,12,5,1,12,9,2,11,1,1,0,0
30/04/17,Osasuna,La Coruna,2,2,D,1,1,D,16,15,5,5,9,11,7,7,2,3,0,0
01/05/17,Malaga,Sevilla,4,2,H,1,1,D,11,9,5,4,14,18,1,3,3,5,0,0
05/05/17,Sevilla,Sociedad,1,1,D,1,0,H,11,9,3,3,20,10,10,3,4,3,0,1
06/05/17,Ath Madrid,Eibar,1,0,H,0,0,D,14,7,5,3,6,10,6,5,3,3,1,0
06/05/17,Barcelona,Villarreal,4,1,H,2,1,H,20,8,8,4,10,13,4,3,2,4,0,0
06/05/17,Granada,Real Madrid,0,4,A,0,4,A,13,16,3,8,14,8,6,3,1,0,0,0
06/05/17,Sp Gijon,Las Palmas,1,0,H,0,0,D,16,8,3,2,19,15,5,4,4,3,0,0
07/05/17,Alaves,Ath Bilbao,1,0,H,0,0,D,9,20,3,6,14,11,3,10,1,4,0,0
07/05/17,La Coruna,Espanol,1,2,A,0,2,A,21,9,5,3,10,14,12,4,1,2,0,0
07/05/17,Malaga,Celta,3,0,H,1,0,H,14,5,8,2,13,18,2,1,2,4,0,0
07/05/17,Valencia,Osasuna,4,1,H,2,0,H,19,9,8,4,15,11,9,2,3,2,0,0
08/05/17,Leganes,Betis,4,0,H,2,0,H,6,13,4,3,18,13,2,2,3,0,0,0
13/05/17,Espanol,Valencia,0,1,A,0,0,D,15,9,3,3,19,14,7,2,0,4,0,0
13/05/17,Osasuna,Granada,2,1,H,1,1,D,19,9,7,3,11,9,8,3,1,3,0,0
14/05/17,Alaves,Celta,3,1,H,3,0,H,11,15,4,4,11,13,4,4,1,3,0,0
14/05/17,Ath Bilbao,Leganes,1,1,D,1,0,H,15,5,6,2,12,8,10,1,2,7,0,0
14/05/17,Betis,Ath Madrid,1,1,D,0,0,D,13,5,5,2,7,16,3,5,4,4,0,0
14/05/17,Eibar,Sp Gijon,0,1,A,0,1,A,10,11,2,4,9,10,5,6,2,2,0,0
14/05/17,Las Palmas,Barcelona,1,4,A,0,2,A,11,11,5,5,13,15,3,6,0,1,0,0
14/05/17,Real Madrid,Sevilla,4,1,H,2,0,H,14,11,7,6,14,19,4,5,4,2,0,0
14/05/17,Sociedad,Malaga,2,2,D,1,1,D,15,9,5,4,10,16,9,3,1,2,0,0
14/05/17,Villarreal,La Coruna,0,0,D,0,0,D,21,3,4,1,15,21,11,3,2,4,0,0
17/05/17,Celta,Real Madrid,1,4,A,0,1,A,17,13,6,8,17,9,4,6,4,2,1,0
19/05/17,Granada,Espanol,1,2,A,1,2,A,16,5,7,3,12,9,3,3,0,3,0,0
20/05/17,La Coruna,Las Palmas,3,0,H,3,0,H,9,13,5,4,25,14,0,9,4,2,0,1
20/05/17,Leganes,Alaves,1,1,D,0,0,D,15,17,4,5,9,14,8,4,0,1,0,0
20/05/17,Sevilla,Osasuna,5,0,H,3,0,H,17,5,7,2,11,8,1,1,3,1,0,0
20/05/17,Sp Gijon,Betis,2,2,D,1,1,D,11,21,5,9,15,14,2,3,0,2,0,0
21/05/17,Ath Madrid,Ath Bilbao,3,1,H,2,0,H,12,16,4,1,13,11,2,5,2,0,0,0
21/05/17,Barcelona,Eibar,4,2,H,0,1,A,18,6,11,4,3,16,10,4,1,2,0,1
21/05/17,Celta,Sociedad,2,2,D,0,0,D,13,18,5,8,8,17,3,7,2,1,0,0
21/05/17,Malaga,Real Madrid,0,2,A,0,1,A,22,16,6,8,6,9,9,7,2,0,0,0
21/05/17,Valencia,Villarreal,1,3,A,0,1,A,16,14,5,6,15,10,9,0,2,2,0,0
18/08/17,Leganes,Alaves,1,0,H,1,0,H,16,6,9,3,14,18,4,2,0,1,0,0
18/08/17,Valencia,Las Palmas,1,0,H,1,0,H,22,5,6,4,25,13,5,2,3,3,0,1
19/08/17,Celta,Sociedad,2,3,A,1,1,D,16,13,5,6,12,11,5,4,3,1,0,0
19/08/17,Girona,Ath Madrid,2,2,D,2,0,H,13,9,6,3,15,15,6,0,2,4,0,1
19/08/17,Sevilla,Espanol,1,1,D,1,1,D,9,9,4,6,14,12,7,3,2,4,1,0
20/08/17,Ath Bilbao,Getafe,0,0,D,0,0,D,12,8,2,2,16,15,7,6,1,3,0,1
20/08/17,Barcelona,Betis,2,0,H,2,0,H,15,3,2,0,16,15,8,0,2,1,0,0
20/08/17,La Coruna,Real Madrid,0,3,A,0,2,A,12,16,6,8,16,12,4,4,5,1,0,1
21/08/17,Levante,Villarreal,1,0,H,0,0,D,14,9,3,1,18,14,11,6,1,3,0,0
21/08/17,Malaga,Eibar,0,1,A,0,0,D,10,13,4,6,16,15,3,7,2,3,0,0
25/08/17,Betis,Celta,2,1,H,1,1,D,10,9,3,2,13,9,4,6,2,2,0,0
25/08/17,Sociedad,Villarreal,3,0,H,3,0,H,15,6,9,1,12,22,10,4,2,2,0,0
26/08/17,Alaves,Barcelona,0,2,A,0,0,D,11,23,2,11,12,10,1,14,2,3,0,0
26/08/17,Girona,Malaga,1,0,H,1,0,H,15,7,4,2,11,15,2,3,3,4,0,0
26/08/17,Las Palmas,Ath Madrid,1,5,A,0,2,A,10,8,4,6,10,9,4,2,4,1,0,0
26/08/17,Levante,La Coruna,2,2,D,1,2,A,24,11,5,4,11,12,6,5,0,2,1,0
27/08/17,Eibar,Ath Bilbao,0,1,A,0,1,A,14,10,5,4,14,11,4,3,1,1,1,0
27/08/17,Espanol,Leganes,0,1,A,0,1,A,17,12,2,8,10,14,9,1,3,3,0,0
27/08/17,Getafe,Sevilla,0,1,A,0,0,D,15,6,3,3,20,10,7,5,0,1,0,0
27/08/17,Real Madrid,Valencia,2,2,D,1,1,D,22,7,6,3,12,12,13,4,3,5,0,0
08/09/17,Leganes,Getafe,1,2,A,0,1,A,11,11,7,3,14,20,2,4,1,2,0,0
09/09/17,Barcelona,Espanol,5,0,H,2,0,H,20,9,9,1,11,18,8,7,1,5,0,0
09/09/17,Real Madrid,Levante,1,1,D,1,1,D,18,5,10,2,9,16,13,3,2,3,1,0
09/09/17,Sevilla,Eibar,3,0,H,0,0,D,12,7,6,2,14,18,6,5,1,1,0,0
09/09/17,Valencia,Ath Madrid,0,0,D,0,0,D,11,13,0,4,16,14,4,3,1,0,0,0
10/09/17,Ath Bilbao,Girona,2,0,H,1,0,H,7,11,4,7,19,18,6,4,4,6,0,0
10/09/17,Celta,Alaves,1,0,H,1,0,H,20,5,3,3,17,17,9,4,4,4,0,0
10/09/17,La Coruna,Sociedad,2,4,A,1,2,A,11,15,4,4,18,14,5,7,1,3,0,0
10/09/17,Villarreal,Betis,3,1,H,1,1,D,14,8,7,3,9,9,4,3,3,0,0,0
11/09/17,Malaga,Las Palmas,1,3,A,0,1,A,14,10,6,8,22,11,3,2,4,2,0,0
15/09/17,Eibar,Leganes,1,0,H,0,0,D,10,5,4,2,15,20,8,1,2,5,0,0
16/09/17,Ath Madrid,Malaga,1,0,H,0,0,D,17,9,4,4,9,15,8,4,2,2,0,0
16/09/17,Betis,La Coruna,2,1,H,1,1,D,17,11,7,3,13,19,6,4,2,3,0,0
16/09/17,Getafe,Barcelona,1,2,A,1,0,H,13,7,4,5,15,14,3,4,2,4,0,0
16/09/17,Levante,Valencia,1,1,D,1,1,D,9,13,2,5,21,11,1,3,2,1,0,0
17/09/17,Alaves,Villarreal,0,3,A,0,1,A,16,16,2,6,12,25,2,3,2,2,0,0
17/09/17,Girona,Sevilla,0,1,A,0,0,D,13,13,0,8,14,19,8,1,2,5,0,0
17/09/17,Las Palmas,Ath Bilbao,1,0,H,0,0,D,12,11,3,5,12,19,7,6,2,3,0,0
17/09/17,Sociedad,Real Madrid,1,3,A,1,2,A,10,18,5,6,12,15,4,6,3,2,0,0
18/09/17,Espanol,Celta,2,1,H,2,0,H,9,11,3,1,12,14,3,5,1,4,0,0
19/09/17,Barcelona,Eibar,6,1,H,2,0,H,11,13,10,4,4,9,7,7,0,2,0,0
19/09/17,Valencia,Malaga,5,0,H,1,0,H,16,11,11,2,9,10,4,9,0,1,0,0
20/09/17,Ath Bilbao,Ath Madrid,1,2,A,0,0,D,12,16,7,9,12,12,6,0,0,2,0,0
20/09/17,La Coruna,Alaves,1,0,H,1,0,H,15,8,3,3,16,19,5,2,0,2,0,0
20/09/17,Leganes,Girona,0,0,D,0,0,D,12,10,1,0,19,20,6,3,2,3,0,0
20/09/17,Real Madrid,Betis,0,1,A,0,0,D,27,12,7,4,13,11,12,3,0,3,0,0
20/09/17,Sevilla,Las Palmas,1,0,H,0,0,D,14,6,9,0,21,8,12,0,2,2,0,0
21/09/17,Celta,Getafe,1,1,D,1,0,H,8,10,4,3,9,21,3,2,2,4,0,0
21/09/17,Levante,Sociedad,3,0,H,1,0,H,13,13,9,3,13,11,3,6,2,0,0,1
21/09/17,Villarreal,Espanol,0,0,D,0,0,D,14,10,5,3,17,10,5,5,5,2,0,0
23/09/17,Alaves,Real Madrid,1,2,A,1,2,A,8,21,3,7,19,19,5,13,5,2,0,0
23/09/17,Ath Madrid,Sevilla,2,0,H,0,0,D,13,11,4,0,11,17,7,6,4,3,0,0
23/09/17,Girona,Barcelona,0,3,A,0,1,A,13,9,2,5,21,5,9,3,3,0,0,0
23/09/17,Malaga,Ath Bilbao,3,3,D,1,1,D,15,8,7,7,16,8,5,1,7,2,1,0
24/09/17,Eibar,Celta,0,4,A,0,3,A,9,10,0,6,14,5,4,4,2,1,0,0
24/09/17,Espanol,La Coruna,4,1,H,2,0,H,17,21,5,6,16,7,4,6,1,2,0,0
24/09/17,Getafe,Villarreal,4,0,H,0,0,D,17,6,8,1,11,16,7,4,1,4,0,0
24/09/17,Las Palmas,Leganes,0,2,A,0,0,D,8,9,3,3,10,15,3,2,1,3,0,0
24/09/17,Sociedad,Valencia,2,3,A,1,1,D,18,13,6,4,11,13,7,6,3,7,1,1
25/09/17,Betis,Levante,4,0,H,0,0,D,14,8,6,1,9,5,6,3,1,0,0,0
29/09/17,Celta,Girona,3,3,D,2,2,D,16,10,9,6,9,17,5,6,2,5,0,0
30/09/17,La Coruna,Getafe,2,1,H,0,0,D,15,10,9,3,16,22,8,5,6,3,0,0
30/09/17,Leganes,Ath Madrid,0,0,D,0,0,D,7,11,3,2,13,13,2,6,2,1,0,0
30/09/17,Levante,Alaves,0,2,A,0,1,A,13,8,0,3,11,18,8,4,2,4,0,0
30/09/17,Sevilla,Malaga,2,0,H,0,0,D,12,11,5,4,11,12,4,6,2,1,0,0
01/10/17,Barcelona,Las Palmas,3,0,H,0,0,D,22,10,10,1,10,11,8,3,5,1,0,0
01/10/17,Real Madrid,Espanol,2,0,H,1,0,H,22,8,8,3,8,10,10,3,2,2,0,0
01/10/17,Sociedad,Betis,4,4,D,2,2,D,17,10,6,6,9,18,12,5,3,3,0,0
01/10/17,Valencia,Ath Bilbao,3,2,H,2,0,H,10,16,6,6,18,16,2,8,3,4,0,0
01/10/17,Villarreal,Eibar,3,0,H,1,0,H,12,8,6,1,15,9,6,3,2,1,0,0
13/10/17,Espanol,Levante,0,0,D,0,0,D,20,13,6,3,9,13,9,4,2,3,0,0
14/10/17,Alaves,Sociedad,0,2,A,0,0,D,8,13,0,6,11,7,4,9,1,1,0,0
14/10/17,Ath Bilbao,Sevilla,1,0,H,1,0,H,15,14,2,6,18,9,6,6,5,5,0,0
14/10/17,Ath Madrid,Barcelona,1,1,D,1,0,H,5,15,4,7,12,10,2,1,3,2,0,0
14/10/17,Getafe,Real Madrid,1,2,A,0,1,A,8,16,3,6,23,8,4,7,2,3,0,0
15/10/17,Betis,Valencia,3,6,A,0,2,A,13,13,6,9,11,11,7,5,1,4,0,0
15/10/17,Eibar,La Coruna,0,0,D,0,0,D,15,11,6,3,9,10,10,1,2,2,0,0
15/10/17,Girona,Villarreal,1,2,A,1,2,A,14,5,3,2,12,20,8,1,3,4,0,0
15/10/17,Malaga,Leganes,0,2,A,0,0,D,13,19,5,9,21,21,4,2,4,3,1,0
16/10/17,Las Palmas,Celta,2,5,A,0,2,A,24,14,11,7,13,12,14,3,2,1,0,1
21/10/17,Barcelona,Malaga,2,0,H,1,0,H,12,13,4,5,10,11,4,3,1,4,0,0
21/10/17,Betis,Alaves,2,0,H,1,0,H,12,7,5,3,18,9,6,5,2,2,0,0
21/10/17,Levante,Getafe,1,1,D,0,0,D,5,9,1,5,18,16,3,2,1,3,0,0
21/10/17,Valencia,Sevilla,4,0,H,1,0,H,18,18,8,5,15,21,7,10,2,4,0,0
22/10/17,Celta,Ath Madrid,0,1,A,0,1,A,19,4,8,2,13,19,4,4,3,5,0,0
22/10/17,Leganes,Ath Bilbao,1,0,H,0,0,D,15,7,4,1,16,15,4,3,3,4,0,0
22/10/17,Real Madrid,Eibar,3,0,H,2,0,H,15,9,7,2,9,7,5,2,1,1,0,0
22/10/17,Villarreal,Las Palmas,4,0,H,0,0,D,25,16,9,5,14,9,9,6,1,5,0,0
23/10/17,La Coruna,Girona,1,2,A,0,1,A,15,13,6,6,9,16,9,7,3,8,0,0
23/10/17,Sociedad,Espanol,1,1,D,0,1,A,19,4,5,1,12,15,10,1,4,4,1,0
28/10/17,Alaves,Valencia,1,2,A,0,1,A,16,7,6,2,19,18,6,4,5,1,0,0
28/10/17,Ath Bilbao,Barcelona,0,2,A,0,1,A,17,17,5,5,15,12,6,4,1,4,0,0
28/10/17,Ath Madrid,Villarreal,1,1,D,0,0,D,18,12,6,4,13,20,11,6,0,4,0,0
28/10/17,Sevilla,Leganes,2,1,H,1,0,H,9,10,5,1,16,19,5,6,0,3,0,0
29/10/17,Eibar,Levante,2,2,D,0,2,A,16,3,6,2,8,16,6,2,1,3,0,0
29/10/17,Getafe,Sociedad,2,1,H,0,1,A,10,15,5,4,19,16,8,7,3,2,0,0
29/10/17,Girona,Real Madrid,2,1,H,0,1,A,15,15,4,6,21,11,2,7,2,1,0,0
29/10/17,Malaga,Celta,2,1,H,1,0,H,15,10,4,2,20,12,4,1,2,3,0,0
30/10/17,Espanol,Betis,1,0,H,0,0,D,10,9,4,4,10,17,5,3,2,5,0,0
30/10/17,Las Palmas,La Coruna,1,3,A,1,1,D,13,15,5,5,11,15,8,5,1,1,0,0
03/11/17,Betis,Getafe,2,2,D,0,2,A,15,9,4,2,10,14,4,6,2,6,0,0
04/11/17,Alaves,Espanol,1,0,H,1,0,H,17,9,6,3,29,9,3,8,7,2,0,1
04/11/17,Barcelona,Sevilla,2,1,H,1,0,H,18,8,6,3,10,12,3,3,1,0,0,0
04/11/17,La Coruna,Ath Madrid,0,1,A,0,0,D,14,11,1,3,17,10,4,4,4,2,0,0
04/11/17,Valencia,Leganes,3,0,H,1,0,H,13,13,7,6,11,13,4,7,1,2,0,0
05/11/17,Celta,Ath Bilbao,3,1,H,3,1,H,11,14,5,5,13,17,3,6,2,3,0,0
05/11/17,Levante,Girona,1,2,A,0,0,D,7,10,4,5,10,16,7,2,3,4,0,0
05/11/17,Real Madrid,Las Palmas,3,0,H,1,0,H,27,2,9,1,9,9,9,2,2,1,0,0
05/11/17,Sociedad,Eibar,3,1,H,2,0,H,10,9,6,5,10,17,3,6,0,3,0,0
05/11/17,Villarreal,Malaga,2,0,H,0,0,D,14,10,3,2,18,12,6,4,2,4,0,0
17/11/17,Girona,Sociedad,1,1,D,0,1,A,14,14,4,5,28,10,3,6,4,2,0,0
18/11/17,Ath Madrid,Real Madrid,0,0,D,0,0,D,7,14,1,3,21,6,7,9,6,2,0,0
18/11/17,Getafe,Alaves,4,1,H,2,0,H,13,11,8,5,18,14,4,5,3,3,0,0
18/11/17,Leganes,Barcelona,0,3,A,0,1,A,18,11,7,7,25,10,6,3,1,2,0,0
18/11/17,Sevilla,Celta,2,1,H,1,1,D,12,11,5,5,20,17,1,2,3,2,0,0
19/11/17,Ath Bilbao,Villarreal,1,1,D,0,1,A,15,7,3,4,10,16,9,7,1,3,0,0
19/11/17,Espanol,Valencia,0,2,A,0,0,D,12,7,4,3,11,17,3,4,0,4,0,0
19/11/17,Las Palmas,Levante,0,2,A,0,0,D,10,11,5,6,9,22,3,5,1,4,0,0
19/11/17,Malaga,La Coruna,3,2,H,1,1,D,14,12,5,4,16,15,5,4,4,5,0,0
20/11/17,Eibar,Betis,5,0,H,2,0,H,17,4,7,0,10,9,5,2,2,2,0,1
24/11/17,Celta,Leganes,1,0,H,1,0,H,14,9,7,2,13,16,3,4,2,3,0,0
25/11/17,Alaves,Eibar,1,2,A,0,1,A,6,11,2,6,18,19,2,5,7,3,1,1
25/11/17,Betis,Girona,2,2,D,0,1,A,12,13,6,7,9,16,3,5,2,1,0,0
25/11/17,Levante,Ath Madrid,0,5,A,0,2,A,17,16,2,11,11,14,2,3,2,1,0,0
25/11/17,Real Madrid,Malaga,3,2,H,2,1,H,16,9,9,3,15,13,6,0,1,2,0,0
26/11/17,La Coruna,Ath Bilbao,2,2,D,1,1,D,14,10,4,3,11,14,5,2,4,1,0,0
26/11/17,Sociedad,Las Palmas,2,2,D,1,1,D,16,8,3,7,22,14,11,3,4,3,1,0
26/11/17,Valencia,Barcelona,1,1,D,0,0,D,8,12,1,8,12,11,3,9,4,0,0,0
26/11/17,Villarreal,Sevilla,2,3,A,1,0,H,19,15,4,4,9,17,6,6,4,3,1,0
27/11/17,Espanol,Getafe,1,0,H,0,0,D,10,7,5,4,12,18,6,4,3,6,0,0
01/12/17,Malaga,Levante,0,0,D,0,0,D,18,3,2,3,12,15,7,2,1,3,0,0
02/12/17,Ath Bilbao,Real Madrid,0,0,D,0,0,D,11,19,4,4,20,13,3,5,2,5,0,1
02/12/17,Ath Madrid,Sociedad,2,1,H,0,1,A,16,10,10,2,12,10,5,6,1,2,0,0
02/12/17,Barcelona,Celta,2,2,D,1,1,D,21,10,7,5,11,12,4,1,3,6,0,0
02/12/17,Sevilla,La Coruna,2,0,H,1,0,H,10,11,6,3,12,16,6,7,1,3,0,0
03/12/17,Eibar,Espanol,3,1,H,2,0,H,10,6,5,3,13,16,3,2,3,3,0,0
03/12/17,Getafe,Valencia,1,0,H,0,0,D,11,13,3,6,18,11,5,12,8,4,1,0
03/12/17,Las Palmas,Betis,1,0,H,1,0,H,21,8,7,2,12,21,6,4,1,7,0,1
03/12/17,Leganes,Villarreal,3,1,H,0,0,D,12,12,5,4,11,17,5,6,2,4,0,0
04/12/17,Girona,Alaves,2,3,A,0,0,D,11,9,3,4,8,13,6,5,1,2,0,0
08/12/17,Alaves,Las Palmas,2,0,H,1,0,H,22,6,9,1,23,12,8,3,2,0,0,0
09/12/17,Getafe,Eibar,0,0,D,0,0,D,6,7,3,2,14,13,9,7,1,4,0,0
09/12/17,La Coruna,Leganes,1,0,H,1,0,H,15,3,4,0,16,21,6,1,4,4,0,0
09/12/17,Real Madrid,Sevilla,5,0,H,5,0,H,20,11,8,3,12,11,9,3,0,2,0,0
09/12/17,Valencia,Celta,2,1,H,1,0,H,13,13,7,5,16,12,10,2,2,5,0,0
10/12/17,Betis,Ath Madrid,0,1,A,0,1,A,9,4,4,2,15,19,3,2,4,3,0,0
10/12/17,Levante,Ath Bilbao,1,2,A,0,1,A,12,14,3,3,11,13,8,6,3,3,0,0
10/12/17,Sociedad,Malaga,0,2,A,0,1,A,18,9,2,5,10,12,5,0,1,1,0,0
10/12/17,Villarreal,Barcelona,0,2,A,0,0,D,9,16,5,6,18,13,2,4,2,1,1,0
11/12/17,Espanol,Girona,0,1,A,0,1,A,8,12,3,5,9,17,8,6,1,3,0,0
15/12/17,Sevilla,Levante,0,0,D,0,0,D,16,10,6,2,22,14,8,5,2,3,0,0
16/12/17,Ath Bilbao,Sociedad,0,0,D,0,0,D,7,10,1,2,14,9,6,6,3,0,0,0
16/12/17,Ath Madrid,Alaves,1,0,H,0,0,D,10,11,4,0,14,16,4,4,3,4,0,0
16/12/17,Eibar,Valencia,2,1,H,0,0,D,15,7,3,3,13,13,5,6,1,4,0,0
17/12/17,Barcelona,La Coruna,4,0,H,2,0,H,23,10,11,3,12,10,6,3,0,1,0,0
17/12/17,Celta,Villarreal,0,1,A,0,1,A,10,8,3,5,11,19,2,2,1,3,0,0
17/12/17,Girona,Getafe,1,0,H,1,0,H,9,7,2,0,20,25,1,7,2,6,0,0
17/12/17,Las Palmas,Espanol,2,2,D,0,2,A,14,8,5,3,6,25,9,2,3,3,0,0
18/12/17,Malaga,Betis,0,2,A,0,1,A,18,10,2,4,15,15,3,4,2,2,1,0
19/12/17,Levante,Leganes,0,0,D,0,0,D,10,10,3,2,21,17,6,5,6,6,1,1
20/12/17,Getafe,Las Palmas,2,0,H,2,0,H,13,17,7,6,23,11,3,1,3,1,0,0
20/12/17,Sociedad,Sevilla,3,1,H,1,1,D,14,9,5,4,9,18,4,5,1,5,0,0
21/12/17,Alaves,Malaga,1,0,H,0,0,D,10,10,5,3,14,18,4,4,3,4,0,0
21/12/17,Eibar,Girona,4,1,H,2,1,H,16,6,6,1,14,18,3,2,1,2,0,0
22/12/17,Betis,Ath Bilbao,0,2,A,0,1,A,16,19,6,7,7,6,6,9,1,2,1,0
22/12/17,Espanol,Ath Madrid,1,0,H,0,0,D,7,9,4,1,18,22,2,3,2,5,0,0
23/12/17,La Coruna,Celta,1,3,A,0,2,A,15,7,4,3,20,16,3,1,2,2,0,0
23/12/17,Real Madrid,Barcelona,0,3,A,0,0,D,14,18,5,11,14,10,7,7,2,2,1,0
23/12/17,Valencia,Villarreal,0,1,A,0,1,A,22,9,3,2,11,21,14,1,7,5,1,1
06/01/18,Ath Madrid,Getafe,2,0,H,1,0,H,9,10,5,5,11,16,5,0,7,3,1,0
06/01/18,Las Palmas,Eibar,1,2,A,1,0,H,4,14,2,5,13,17,4,3,3,3,0,0
06/01/18,Sevilla,Betis,3,5,A,2,2,D,14,9,3,5,16,18,12,0,3,6,0,0
06/01/18,Valencia,Girona,2,1,H,1,1,D,17,11,7,5,16,14,9,7,5,5,0,0
07/01/18,Ath Bilbao,Alaves,2,0,H,1,0,H,14,8,8,1,23,20,4,1,2,4,0,0
07/01/18,Barcelona,Levante,3,0,H,2,0,H,16,9,8,2,10,22,3,6,0,4,0,0
07/01/18,Celta,Real Madrid,2,2,D,1,2,A,10,19,5,8,10,15,3,7,2,2,0,0
07/01/18,Leganes,Sociedad,1,0,H,0,0,D,8,9,4,5,14,11,5,6,0,1,0,0
07/01/18,Villarreal,La Coruna,1,1,D,1,0,H,11,13,5,3,19,12,7,5,4,3,0,0
08/01/18,Malaga,Espanol,0,1,A,0,1,A,17,6,2,3,18,11,6,5,2,3,0,0
12/01/18,Getafe,Malaga,1,0,H,0,0,D,7,9,3,2,19,16,5,2,3,1,0,0
13/01/18,Eibar,Ath Madrid,0,1,A,0,1,A,11,7,4,3,12,9,9,1,2,1,0,0
13/01/18,Girona,Las Palmas,6,0,H,1,0,H,15,3,8,1,25,20,5,2,2,5,0,0
13/01/18,La Coruna,Valencia,1,2,A,0,1,A,12,12,2,5,13,8,8,10,2,1,0,0
13/01/18,Real Madrid,Villarreal,0,1,A,0,0,D,28,10,7,4,11,12,11,0,2,1,0,0
14/01/18,Alaves,Sevilla,1,0,H,0,0,D,12,14,3,1,18,12,5,4,5,2,1,0
14/01/18,Espanol,Ath Bilbao,1,1,D,1,1,D,11,8,3,3,14,16,4,2,2,4,0,0
14/01/18,Levante,Celta,0,1,A,0,1,A,15,3,5,2,19,7,6,2,4,3,0,0
14/01/18,Sociedad,Barcelona,2,4,A,2,1,H,15,11,6,5,15,13,7,3,2,2,0,0
15/01/18,Betis,Leganes,3,2,H,2,1,H,16,10,9,6,12,15,1,1,2,3,0,0
19/01/18,Getafe,Ath Bilbao,2,2,D,1,1,D,17,7,6,6,17,12,6,2,5,1,0,0
20/01/18,Ath Madrid,Girona,1,1,D,1,0,H,9,6,4,3,13,15,2,1,4,3,0,0
20/01/18,Espanol,Sevilla,0,3,A,0,2,A,9,12,0,7,18,14,8,2,4,2,0,0
20/01/18,Las Palmas,Valencia,2,1,H,1,1,D,20,14,6,8,18,16,3,6,2,9,0,2
20/01/18,Villarreal,Levante,2,1,H,1,0,H,18,16,6,4,14,16,6,4,2,2,0,0
21/01/18,Alaves,Leganes,2,2,D,0,0,D,14,8,6,4,13,14,4,6,3,3,1,0
21/01/18,Betis,Barcelona,0,5,A,0,0,D,7,14,2,10,12,9,4,2,2,2,0,0
21/01/18,Real Madrid,La Coruna,7,1,H,2,1,H,24,5,13,2,7,11,6,1,0,2,0,0
21/01/18,Sociedad,Celta,1,2,A,1,1,D,16,10,2,3,10,7,8,3,1,2,0,0
22/01/18,Eibar,Malaga,1,1,D,0,1,A,15,10,4,4,11,11,8,3,1,3,0,1
26/01/18,Ath Bilbao,Eibar,1,1,D,0,0,D,7,14,1,2,15,14,3,7,0,0,0,0
27/01/18,La Coruna,Levante,2,2,D,2,0,H,8,15,2,4,13,14,4,7,7,5,1,0
27/01/18,Malaga,Girona,0,0,D,0,0,D,7,11,1,2,18,7,5,4,2,1,1,0
27/01/18,Valencia,Real Madrid,1,4,A,0,2,A,11,13,4,7,20,22,4,4,2,3,0,0
27/01/18,Villarreal,Sociedad,4,2,H,4,1,H,11,24,7,6,16,6,2,9,1,1,0,0
28/01/18,Ath Madrid,Las Palmas,3,0,H,0,0,D,18,9,7,1,17,11,4,1,1,2,0,0
28/01/18,Barcelona,Alaves,2,1,H,0,1,A,18,7,12,4,6,18,8,1,0,2,0,0
28/01/18,Leganes,Espanol,3,2,H,1,0,H,11,12,6,4,20,19,1,7,2,4,0,0
28/01/18,Sevilla,Getafe,1,1,D,0,0,D,15,7,1,2,12,15,3,4,3,3,0,0
29/01/18,Celta,Betis,3,2,H,1,0,H,13,7,5,3,13,8,7,2,1,5,0,0
02/02/18,Sociedad,La Coruna,5,0,H,1,0,H,19,4,8,1,11,11,9,5,0,1,0,0
03/02/18,Alaves,Celta,2,1,H,2,0,H,9,16,3,4,13,11,2,1,3,2,0,0
03/02/18,Betis,Villarreal,2,1,H,1,0,H,13,12,4,3,11,12,2,6,1,2,0,1
03/02/18,Eibar,Sevilla,5,1,H,3,1,H,17,11,7,3,11,20,5,3,0,3,0,0
03/02/18,Levante,Real Madrid,2,2,D,1,1,D,12,23,4,9,14,7,4,6,3,3,0,0
04/02/18,Ath Madrid,Valencia,1,0,H,0,0,D,14,9,4,0,18,4,9,1,1,1,0,0
04/02/18,Espanol,Barcelona,1,1,D,0,0,D,7,12,2,2,15,12,0,7,5,3,0,0
04/02/18,Getafe,Leganes,0,0,D,0,0,D,11,2,1,1,17,20,5,2,2,6,0,0
04/02/18,Girona,Ath Bilbao,2,0,H,1,0,H,8,9,3,0,13,14,2,4,1,1,0,0
05/02/18,Las Palmas,Malaga,1,0,H,0,0,D,11,9,4,3,11,17,4,2,2,3,0,0
09/02/18,Ath Bilbao,Las Palmas,0,0,D,0,0,D,11,8,5,2,20,29,5,2,4,4,0,0
10/02/18,Leganes,Eibar,0,1,A,0,0,D,2,19,0,6,14,6,1,10,4,2,1,0
10/02/18,Malaga,Ath Madrid,0,1,A,0,1,A,13,5,3,1,22,19,3,3,3,2,0,0
10/02/18,Real Madrid,Sociedad,5,2,H,4,0,H,18,8,9,3,11,10,5,3,2,1,0,0
10/02/18,Villarreal,Alaves,1,2,A,0,1,A,27,5,6,4,15,15,13,2,4,4,0,0
11/02/18,Barcelona,Getafe,0,0,D,0,0,D,12,10,6,1,7,13,9,3,2,3,0,0
11/02/18,Celta,Espanol,2,2,D,1,1,D,18,3,7,2,9,16,9,1,3,4,0,0
11/02/18,Sevilla,Girona,1,0,H,0,0,D,13,14,4,6,13,19,7,2,2,2,0,0
11/02/18,Valencia,Levante,3,1,H,1,1,D,18,5,8,1,10,19,7,9,3,4,0,0
12/02/18,La Coruna,Betis,0,1,A,0,0,D,16,10,2,4,19,7,8,1,2,0,0,0
16/02/18,Girona,Leganes,3,0,H,2,0,H,10,10,5,5,12,10,4,4,3,5,0,0
17/02/18,Alaves,La Coruna,1,0,H,0,0,D,14,5,3,0,17,14,9,3,2,3,0,0
17/02/18,Eibar,Barcelona,0,2,A,0,1,A,13,10,3,6,13,6,6,0,3,1,1,0
17/02/18,Las Palmas,Sevilla,1,2,A,0,1,A,11,12,3,6,15,18,7,5,2,5,0,0
17/02/18,Malaga,Valencia,1,2,A,1,0,H,9,10,3,3,19,18,7,2,2,4,1,0
18/02/18,Ath Madrid,Ath Bilbao,2,0,H,0,0,D,14,4,4,0,6,12,5,2,3,2,0,0
18/02/18,Betis,Real Madrid,3,5,A,2,1,H,20,12,5,9,7,15,7,5,3,5,0,0
18/02/18,Espanol,Villarreal,1,1,D,0,1,A,15,8,3,3,7,19,2,5,1,7,0,0
18/02/18,Sociedad,Levante,3,0,H,2,0,H,13,9,3,1,12,13,2,4,0,2,0,0
19/02/18,Getafe,Celta,3,0,H,1,0,H,9,4,5,1,21,15,5,5,4,3,0,0
21/02/18,Leganes,Real Madrid,1,3,A,1,2,A,7,13,3,7,18,7,6,5,3,1,0,0
23/02/18,La Coruna,Espanol,0,0,D,0,0,D,17,9,4,1,9,10,4,2,5,1,0,0
24/02/18,Barcelona,Girona,6,1,H,4,1,H,21,10,14,4,11,11,5,3,1,1,0,0
24/02/18,Celta,Eibar,2,0,H,0,0,D,8,15,3,2,11,16,3,9,2,3,0,0
24/02/18,Leganes,Las Palmas,0,0,D,0,0,D,11,4,2,1,22,17,6,5,4,5,0,0
24/02/18,Real Madrid,Alaves,4,0,H,1,0,H,25,11,10,5,9,14,9,5,1,2,0,0
25/02/18,Ath Bilbao,Malaga,2,1,H,2,1,H,8,8,6,4,12,18,6,4,3,3,0,1
25/02/18,Sevilla,Ath Madrid,2,5,A,0,2,A,10,13,5,8,10,24,5,4,3,3,0,0
25/02/18,Valencia,Sociedad,2,1,H,1,0,H,7,9,4,3,12,9,4,4,2,3,0,0
25/02/18,Villarreal,Getafe,1,0,H,1,0,H,10,3,4,2,14,21,2,8,5,3,0,0
26/02/18,Levante,Betis,0,2,A,0,0,D,12,15,2,6,17,8,5,5,5,2,0,0
27/02/18,Espanol,Real Madrid,1,0,H,0,0,D,16,12,7,5,15,10,3,8,1,1,0,0
27/02/18,Girona,Celta,1,0,H,1,0,H,11,10,2,2,9,10,6,4,3,2,0,0
28/02/18,Ath Bilbao,Valencia,1,1,D,0,1,A,11,6,4,4,16,16,6,1,1,2,0,0
28/02/18,Ath Madrid,Leganes,4,0,H,2,0,H,15,9,8,3,10,10,5,1,1,3,0,0
28/02/18,Eibar,Villarreal,1,0,H,1,0,H,13,11,1,3,18,8,6,4,4,2,0,0
28/02/18,Getafe,La Coruna,3,0,H,2,0,H,14,9,5,1,6,9,10,6,2,4,0,0
28/02/18,Malaga,Sevilla,0,1,A,0,1,A,8,6,0,4,19,14,9,4,2,2,0,0
01/03/18,Alaves,Levante,1,0,H,0,0,D,15,6,5,1,14,17,5,3,4,4,1,1
01/03/18,Betis,Sociedad,0,0,D,0,0,D,8,13,4,5,11,7,4,10,2,0,0,0
01/03/18,Las Palmas,Barcelona,1,1,D,0,1,A,12,10,1,4,18,13,6,6,6,3,0,0
03/03/18,La Coruna,Eibar,1,1,D,1,1,D,7,16,2,3,6,8,2,9,1,2,1,0
03/03/18,Leganes,Malaga,2,0,H,0,0,D,10,4,3,1,11,14,6,1,1,1,0,0
03/03/18,Real Madrid,Getafe,3,1,H,2,0,H,14,4,6,4,13,18,8,0,1,3,0,1
03/03/18,Sevilla,Ath Bilbao,2,0,H,2,0,H,18,10,8,3,14,13,8,4,2,3,0,0
03/03/18,Villarreal,Girona,0,2,A,0,1,A,14,4,5,3,14,18,7,2,4,1,0,0
04/03/18,Barcelona,Ath Madrid,1,0,H,1,0,H,16,6,5,1,16,20,12,1,2,2,0,0
04/03/18,Levante,Espanol,1,1,D,0,0,D,13,15,4,3,14,13,2,1,0,3,0,0
04/03/18,Sociedad,Alaves,2,1,H,2,1,H,14,3,5,1,10,13,8,4,0,1,0,0
04/03/18,Valencia,Betis,2,0,H,1,0,H,12,9,6,4,14,11,7,0,1,4,0,0
05/03/18,Celta,Las Palmas,2,1,H,0,0,D,14,10,6,3,13,15,10,7,1,2,0,0
09/03/18,Girona,La Coruna,2,0,H,1,0,H,9,8,6,4,17,16,2,2,1,4,0,0
10/03/18,Eibar,Real Madrid,1,2,A,0,1,A,12,12,3,6,12,7,8,6,1,1,0,0
10/03/18,Getafe,Levante,0,1,A,0,0,D,11,12,4,4,14,16,4,7,5,7,0,1
10/03/18,Malaga,Barcelona,0,2,A,0,2,A,6,20,2,9,15,9,2,5,1,1,1,0
10/03/18,Sevilla,Valencia,0,2,A,0,1,A,21,10,5,5,15,15,7,3,4,2,0,0
11/03/18,Ath Bilbao,Leganes,2,0,H,2,0,H,13,12,5,1,12,14,3,6,2,5,0,0
11/03/18,Ath Madrid,Celta,3,0,H,1,0,H,7,8,3,2,14,10,6,4,1,2,0,0
11/03/18,Espanol,Sociedad,2,1,H,0,1,A,18,11,7,5,18,14,6,4,0,2,0,0
11/03/18,Las Palmas,Villarreal,0,2,A,0,0,D,9,11,3,4,15,17,7,3,1,1,1,0
12/03/18,Alaves,Betis,1,3,A,0,2,A,9,10,1,4,18,17,6,2,2,3,0,0
16/03/18,Levante,Eibar,2,1,H,1,0,H,6,13,3,4,11,11,4,5,4,3,0,0
17/03/18,Betis,Espanol,3,0,H,1,0,H,9,4,4,1,15,11,3,5,1,3,0,0
17/03/18,La Coruna,Las Palmas,1,1,D,1,1,D,13,8,3,1,24,12,9,2,3,3,0,0
17/03/18,Sociedad,Getafe,1,2,A,1,1,D,8,9,2,5,13,21,7,1,3,7,0,0
17/03/18,Valencia,Alaves,3,1,H,2,0,H,24,16,10,4,8,14,9,2,1,1,0,0
18/03/18,Barcelona,Ath Bilbao,2,0,H,2,0,H,18,10,9,3,7,14,6,5,2,2,0,0
18/03/18,Celta,Malaga,0,0,D,0,0,D,9,5,3,0,16,24,4,5,3,2,0,0
18/03/18,Leganes,Sevilla,2,1,H,1,0,H,12,10,6,4,13,11,5,4,2,4,0,1
18/03/18,Real Madrid,Girona,6,3,H,1,1,D,20,10,14,6,13,13,6,7,1,2,0,0
18/03/18,Villarreal,Ath Madrid,2,1,H,0,1,A,17,8,5,2,13,16,5,4,5,3,0,1
31/03/18,Ath Bilbao,Celta,1,1,D,0,0,D,11,13,2,3,10,10,4,5,3,1,0,0
31/03/18,Girona,Levante,1,1,D,0,0,D,12,15,5,6,13,12,5,7,1,3,0,0
31/03/18,Las Palmas,Real Madrid,0,3,A,0,2,A,17,17,3,7,11,17,3,3,3,0,0,0
31/03/18,Sevilla,Barcelona,2,2,D,1,0,H,21,20,6,9,11,7,5,9,2,0,0,0
01/04/18,Ath Madrid,La Coruna,1,0,H,1,0,H,15,10,3,2,14,15,9,7,2,3,0,0
01/04/18,Eibar,Sociedad,0,0,D,0,0,D,15,7,3,0,14,10,8,1,4,2,0,0
01/04/18,Espanol,Alaves,0,0,D,0,0,D,12,13,3,4,18,12,6,5,3,2,0,0
01/04/18,Leganes,Valencia,0,1,A,0,0,D,8,3,1,1,14,17,5,2,3,4,0,0
01/04/18,Malaga,Villarreal,1,0,H,1,0,H,13,11,3,1,17,13,3,6,2,3,0,0
02/04/18,Getafe,Betis,0,1,A,0,0,D,8,7,4,4,21,9,4,0,4,2,0,0
06/04/18,La Coruna,Malaga,3,2,H,1,1,D,14,11,6,4,16,14,7,6,4,3,0,0
07/04/18,Alaves,Getafe,2,0,H,0,0,D,11,5,2,1,17,22,1,3,2,3,0,0
07/04/18,Barcelona,Leganes,3,1,H,2,0,H,12,11,6,1,14,12,5,3,2,4,0,0
07/04/18,Betis,Eibar,2,0,H,1,0,H,13,5,4,2,10,11,7,8,2,2,0,0
07/04/18,Celta,Sevilla,4,0,H,1,0,H,12,16,6,6,8,12,3,10,1,2,0,0
08/04/18,Levante,Las Palmas,2,1,H,1,0,H,11,17,4,5,19,10,4,5,6,3,2,0
08/04/18,Real Madrid,Ath Madrid,1,1,D,0,0,D,30,9,8,5,12,17,11,2,2,3,0,0
08/04/18,Sociedad,Girona,5,0,H,2,0,H,13,8,7,1,8,20,4,5,2,2,0,0
08/04/18,Valencia,Espanol,1,0,H,1,0,H,14,21,6,6,17,10,4,3,3,2,0,0
09/04/18,Villarreal,Ath Bilbao,1,3,A,0,1,A,7,17,2,13,17,11,3,6,5,5,1,0
13/04/18,Girona,Betis,0,1,A,0,1,A,9,10,4,2,23,18,6,4,7,5,0,0
14/04/18,Ath Bilbao,La Coruna,2,3,A,0,2,A,13,5,4,3,5,9,11,6,2,1,0,0
14/04/18,Barcelona,Valencia,2,1,H,1,0,H,12,17,7,6,9,11,6,5,2,2,0,0
14/04/18,Las Palmas,Sociedad,0,1,A,0,1,A,7,20,0,11,6,16,4,6,0,0,0,0
14/04/18,Leganes,Celta,1,0,H,0,0,D,19,5,7,2,22,17,8,3,3,3,0,0
14/04/18,Sevilla,Villarreal,2,2,D,0,1,A,18,7,4,4,11,23,10,2,5,3,1,1
15/04/18,Ath Madrid,Levante,3,0,H,1,0,H,13,11,5,3,9,13,8,3,2,1,0,0
15/04/18,Eibar,Alaves,0,1,A,0,1,A,21,2,4,1,11,18,12,1,2,1,0,0
15/04/18,Getafe,Espanol,1,0,H,0,0,D,13,5,4,0,19,13,4,3,6,2,1,0
15/04/18,Malaga,Real Madrid,1,2,A,0,1,A,13,16,3,6,12,9,4,7,4,0,0,0
17/04/18,Celta,Barcelona,2,2,D,1,1,D,18,14,8,6,9,7,6,4,3,0,0,1
17/04/18,La Coruna,Sevilla,0,0,D,0,0,D,22,24,6,7,8,8,7,9,0,2,0,0
17/04/18,Villarreal,Leganes,2,1,H,1,0,H,17,6,6,1,14,14,10,4,1,1,0,0
18/04/18,Espanol,Eibar,0,1,A,0,1,A,10,5,4,1,17,17,3,6,3,2,0,0
18/04/18,Real Madrid,Ath Bilbao,1,1,D,0,1,A,29,6,10,2,6,19,16,2,2,4,0,0
18/04/18,Valencia,Getafe,1,2,A,0,1,A,10,8,3,3,10,14,7,5,1,7,1,0
19/04/18,Alaves,Girona,1,2,A,0,0,D,11,14,5,5,15,12,3,6,4,4,0,0
19/04/18,Betis,Las Palmas,1,0,H,0,0,D,17,1,8,0,18,17,6,3,3,5,0,1
19/04/18,Levante,Malaga,1,0,H,0,0,D,11,10,2,2,9,17,4,3,1,1,0,0
19/04/18,Sociedad,Ath Madrid,3,0,H,1,0,H,12,9,4,2,13,13,6,6,1,0,0,0
20/04/18,Leganes,La Coruna,0,0,D,0,0,D,13,12,0,3,12,13,9,4,0,2,0,0
21/04/18,Celta,Valencia,1,1,D,0,0,D,10,17,3,7,14,19,4,3,1,2,0,0
21/04/18,Eibar,Getafe,0,1,A,0,1,A,12,7,2,4,15,16,8,3,4,1,0,0
22/04/18,Ath Madrid,Betis,0,0,D,0,0,D,10,10,2,4,17,14,8,3,2,5,0,0
22/04/18,Girona,Espanol,0,2,A,0,1,A,20,5,6,4,18,18,10,0,1,2,0,0
22/04/18,Las Palmas,Alaves,0,4,A,0,0,D,12,10,1,7,14,19,3,3,2,2,0,0
22/04/18,Malaga,Sociedad,2,0,H,2,0,H,4,14,3,2,16,0,5,3,4,1,0,0
23/04/18,Ath Bilbao,Levante,1,3,A,1,2,A,18,11,5,7,13,14,2,9,3,3,0,0
27/04/18,Levante,Sevilla,2,1,H,1,1,D,15,22,5,4,4,15,4,8,1,1,0,0
28/04/18,Espanol,Las Palmas,1,1,D,0,1,A,16,13,7,2,18,22,6,7,2,4,0,0
28/04/18,Real Madrid,Leganes,2,1,H,2,0,H,12,16,5,6,16,15,3,2,0,1,0,1
28/04/18,Sociedad,Ath Bilbao,3,1,H,2,0,H,17,9,4,3,16,16,3,7,3,6,1,0
28/04/18,Villarreal,Celta,4,1,H,3,1,H,13,15,7,4,14,8,5,7,2,0,0,0
29/04/18,Alaves,Ath Madrid,0,1,A,0,0,D,7,14,3,6,14,12,3,4,4,6,0,1
29/04/18,Getafe,Girona,1,1,D,1,1,D,10,15,2,2,19,21,4,4,6,4,1,0
29/04/18,La Coruna,Barcelona,2,4,A,1,2,A,17,21,5,9,9,9,6,7,1,1,0,0
29/04/18,Valencia,Eibar,0,0,D,0,0,D,16,8,5,2,12,19,8,2,2,3,0,0
30/04/18,Betis,Malaga,2,1,H,1,1,D,12,9,3,3,9,17,6,4,1,4,0,0
04/05/18,Sevilla,Sociedad,1,0,H,0,0,D,16,11,6,1,17,13,6,4,4,2,0,0
05/05/18,Ath Bilbao,Betis,2,0,H,0,0,D,14,6,5,3,13,12,4,5,0,2,0,0
05/05/18,Celta,La Coruna,1,1,D,1,0,H,13,11,4,2,6,11,4,10,4,2,0,0
05/05/18,Girona,Eibar,1,4,A,0,2,A,16,15,5,6,12,13,6,5,2,5,0,0
05/05/18,Villarreal,Valencia,1,0,H,0,0,D,13,6,5,2,18,18,7,3,5,3,0,0
06/05/18,Ath Madrid,Espanol,0,2,A,0,0,D,9,14,3,6,9,13,6,3,1,3,0,0
06/05/18,Barcelona,Real Madrid,2,2,D,1,1,D,11,17,4,5,8,20,6,5,3,5,1,0
06/05/18,Las Palmas,Getafe,0,1,A,0,0,D,21,8,4,1,8,28,9,4,0,2,0,0
06/05/18,Malaga,Alaves,0,3,A,0,1,A,16,13,4,7,15,13,6,7,2,1,0,0
07/05/18,Leganes,Levante,0,3,A,0,0,D,13,10,2,3,15,11,6,5,5,1,1,0
09/05/18,Barcelona,Villarreal,5,1,H,3,0,H,12,20,6,7,6,15,4,4,0,3,0,0
09/05/18,Sevilla,Real Madrid,3,2,H,2,0,H,14,14,6,4,21,9,2,3,3,1,0,0
12/05/18,Alaves,Ath Bilbao,3,1,H,1,0,H,4,13,3,4,15,13,0,8,2,5,0,0
12/05/18,Betis,Sevilla,2,2,D,1,0,H,9,13,5,5,10,19,4,5,1,4,0,0
12/05/18,Eibar,Las Palmas,1,0,H,1,0,H,10,8,5,2,13,12,3,11,3,1,0,0
12/05/18,Getafe,Ath Madrid,0,1,A,0,1,A,11,5,4,3,13,17,8,2,3,2,0,0
12/05/18,Girona,Valencia,0,1,A,0,0,D,16,10,4,4,16,11,6,2,2,3,0,0
12/05/18,La Coruna,Villarreal,2,4,A,0,3,A,16,11,7,7,14,5,11,0,3,0,0,0
12/05/18,Real Madrid,Celta,6,0,H,3,0,H,15,5,10,1,5,10,4,2,0,1,0,0
12/05/18,Sociedad,Leganes,3,2,H,2,1,H,11,9,6,3,8,12,5,1,1,2,0,0
13/05/18,Espanol,Malaga,4,1,H,3,1,H,19,9,7,3,13,19,5,3,0,2,0,0
13/05/18,Levante,Barcelona,5,4,H,2,1,H,12,18,7,7,18,12,3,8,6,6,0,0
19/05/18,Celta,Levante,4,2,H,2,1,H,20,7,9,3,9,15,5,3,1,3,0,1
19/05/18,Las Palmas,Girona,1,2,A,1,2,A,13,12,7,6,7,19,4,3,1,2,0,0
19/05/18,Leganes,Betis,3,2,H,1,1,D,8,16,3,8,9,9,6,4,2,0,1,0
19/05/18,Malaga,Getafe,0,1,A,0,0,D,6,11,2,3,19,12,2,9,4,1,0,0
19/05/18,Sevilla,Alaves,1,0,H,1,0,H,20,10,8,4,15,12,8,3,2,2,0,0
19/05/18,Villarreal,Real Madrid,2,2,D,0,2,A,14,15,5,7,13,10,4,5,4,3,0,0
20/05/18,Ath Bilbao,Espanol,0,1,A,0,1,A,12,11,3,4,4,11,7,7,0,1,0,0
20/05/18,Ath Madrid,Eibar,2,2,D,1,1,D,8,14,4,3,14,14,2,2,6,2,1,0
20/05/18,Barcelona,Sociedad,1,0,H,0,0,D,12,13,4,2,13,13,3,8,3,2,0,0
20/05/18,Valencia,La Coruna,2,1,H,1,0,H,22,12,5,7,8,11,8,4,0,0,0,0
